,Years,% Change in total homelessness statewide
16,2007,0.3051602
15,2008,0.3286287
14,2009,0.4667039
13,2010,0.4690557
12,2011,0.4497075
11,2012,0.5104248
10,2013,0.5301218
9,2014,0.5918896
8,2015,0.5673245
7,2016,0.5354319
6,2017,0.3791245
5,2018,0.3956775
4,2019,0.1991102
3,2020,0.1228799
2,2021,2.1565219
1,2022,0.0575906
